[
    {
        "imgUrl": "http://ww4.sinaimg.cn/large/7853084cjw1f86tzrntcnj21hc0bo0yi.jpg",
        "href": "http://z.qyer.com/zt/gqsdjxs/?campaign=zkbanner&category=gqsdjxs"
    }, {
        "imgUrl": "http://ww1.sinaimg.cn/large/7853084cjw1f86u0lhcuhj21hc0bowhq.jpg",
        "href": "http://z.qyer.com/zt/kdjm/?campaign=zkbanner&category=kdjm"
    }, {
        "imgUrl": "http://ww3.sinaimg.cn/large/7853084cjw1f86u0v3py6j21hc0bogq8.jpg",
        "href": "http://z.qyer.com/zt/2016celebritycruise/?campaign=zkbanner&category=2016celebritycruise"
    }, {
        "imgUrl": "http://ww3.sinaimg.cn/large/7853084cjw1f86u1m29hpj21hc0bo43x.jpg",
        "href": "http://z.qyer.com/zt/qyzy/?campaign=zkbanner&category=qyzy"
    }
]
