[
    {
        "title": "港澳台 国内",
        "mainCity": [ "香港", "澳门", "台湾", "三亚", "长白山" ],
        "moreCity": [
            {
                "cityName": "香港 澳门",
                "items": [ "香港", "澳门", "香港迪士尼", "昂坪360", "交通接驳", "太平山缆车", "海洋公园", "天际100", "港湾游船", "一日游", "水舞间", "澳门塔", "摩天轮", "新濠影汇", "港澳船票", "豪华自助", "极限运动"]
            }, {
                "cityName": "台湾",
                "items": [ "台北", "高雄", "垦丁", "宜兰", "台南", "澎湖", "高铁票", "台北101", "野柳九份", "夜宿海生馆", "太鲁阁", "山海赏鲸", "清境农场", "日月潭", "阿里山", "水上活动", "各地接驳", "环岛精选"]
            }, {
                "cityName": "国内",
                "items": [ "三亚", "厦门", "丽江", "西安", "满洲里", "乌鲁木齐", "桂林", "北海", "上海迪士尼", "上海迪士尼门票", "长隆", "北京周边", "华东周边", "华南周边", "成都周边"]
            }
        ],
        "moreCityImg": "http://ww1.sinaimg.cn/large/7853084cjw1f86tunx4wzj20ci07ignk.jpg"
    }, {
        "title": "日本 韩国",
        "mainCity": [ "东京", "大阪", "冲绳", "首尔", "济州岛" ],
        "moreCity": [
            {
                "cityName": "日本",
                "items": [ "东京", "大阪", "冲绳", "静岗", "京都", "北海道", "札幌", "名古屋", "长崎", "鹿儿岛", "小松", "广岛", "大阪环球影城", "关西周游券", "东京迪士尼", "冲绳一日游", "不二雄博物馆", "冲绳美海水馆", "三丽鸥彩虹乐园", "大江户温泉无语"]
            }, {
                "cityName": "韩国",
                "items": [ "首尔", "济州岛", "乐天世界", "首尔塔", "爱宝乐园", "T-money", "仁川机场快线", "首尔夜景", "韩国美食", "K-LIVE演唱会", "弘大3D美术馆", "明洞设计体验", "韩国文化", "乱打秀", "济州接送用车", "泰迪熊"]
            }, {
                "cityName": "专题",
                "items": [ "有趣の日本"]
            }
        ],
        "moreCityImg": "http://ww1.sinaimg.cn/large/7853084cjw1f86tvajjg9j20ci07i3zw.jpg"
    }, {
        "title": "东南亚 南亚",
        "mainCity": [ "普吉", "清迈", "沙巴", "巴厘岛", "马尔代夫" ],
        "moreCity": [
            {
                "cityName": "泰国",
                "items": [ "普吉岛", "清迈", "曼谷", "苏梅岛", "甲米", "芭提雅", "清莱", "拜县", "大城", "穷游精选", "皮皮岛", "人妖秀", "丛林飞跃", "寻海豚之旅", "spa按摩", "夜间动物园", "水上市场", "幻多奇乐园", "穷游独家citywalk", "接送机包车"]
            }, {
                "cityName": "南亚",
                "items": [ "马尔代夫", "斯里兰卡", "尼泊尔", "班度士岛", "马尔代夫+斯里兰卡", "奥臻岛", "蓝色美人蕉", "伊露岛", "阿玛瑞岛", "港丽岛", "港丽岛", "都喜天阙", "神仙珊瑚岛"]
            }, {
                "cityName": "东南亚",
                "items": [ "新加坡", "马来西亚", "沙巴", "长沙滩", "巴厘岛", "柬埔寨", "芽庄", "岘港", "杜马盖地", "宿雾", "美娜多", "新加坡环球影城", "S.E.A海洋馆", "新加坡动物园", "摩天轮", "滨海湾花园", "宝格丽下午茶", "红树林萤火虫", "芭雅岛", "巴厘岛漂流", "蓝梦岛"]
            }
        ],
        "moreCityImg": "http://ww4.sinaimg.cn/large/7853084cjw1f86tvpa800j20ci07i0tq.jpg"
    }, {
        "title": "欧洲 美洲",
        "mainCity": [ "法国", "意大利", "美国", "英国" ],
        "moreCity": [
            {
                "cityName": "欧洲",
                "items": [ "法国", "意大利", "西班牙", "希腊", "土耳其", "瑞士", "英国", "捷克", "冰岛", "荷兰", "德国", "巴黎", "伦敦", "罗马+梵蒂冈", "阿姆斯特丹", "巴塞罗那", "圣托里尼", "伊斯坦布尔", "慕尼黑", "威尼斯", "布拉格", "马德里", "巴库", "卡帕多奇亚", "米其林餐厅", "南法薰衣草", "塞纳河游船", "巨石阵", "瑞士铁路通票", "圣家堂", "英国深度游", "巴黎迪士尼", "下午茶", "希腊船票", "卢浮宫", "一日一世界", "游遍欧罗巴"]
            }, {
                "cityName": "美洲",
                "items": [ "美国", "加拿大", "洛杉矶", "纽约", "拉斯维加斯", "旧金山", "圣地亚哥", "芝加哥", "西雅图", "华盛顿", "奥兰多", "夏威夷", "塞班岛", "关岛", "环球影城", "迪士尼", "秀票", "大峡谷", "羚羊谷", "尼亚加拉大瀑布", "帝国大厦", "乐高乐园", "城市通票", "Explorer Pass", "奥特拉斯"]
            }
        ],
        "moreCityImg": "http://ww4.sinaimg.cn/large/7853084cjw1f86tw3n3elj20b403274q.jpg"
    }, {
        "title": "澳新 中东非",
        "mainCity": [ "悉尼", "新西兰", "迪拜", "帕劳" ],
        "moreCity": [
            {
                "cityName": "澳洲 新西兰",
                "items": [ "澳大利亚", "新西兰", "帕劳", "斐济", "凯恩斯", "盛林群岛", "阿德莱德", "达尔文", "珀斯", "皇后镇", "西海岸冰川", "米尔福德峡湾", "罗托鲁河", "凯库拉", "瓦纳卡", "悉尼海湾大桥", "大堡礁", "澳大利亚观鲸", "太阳恋人号", "银梭号游船+直升机", "水母湖", "新西兰滑雪", "皇后镇跳伞", "天空缆车+晚餐", "观鲸", "霍比特人电影拍摄地+萤火虫洞"]
            }, {
                "cityName": "非洲",
                "items": [ "毛里求斯", "塞舌尔", "留尼旺", "快艇追海豚", "埃及"]
            }, {
                "cityName": "中东",
                "items": [ "迪拜", "迪拜塔", "沙漠冲沙", "迪拜直升飞机", "法拉利公园+亚斯水世界", "八星皇宫下午茶"]
            }
        ],
        "moreCityImg": "http://ww4.sinaimg.cn/large/7853084cjw1f86tx7v5v2j20ci07iq3u.jpg"
    }, {
        "title": "主题推荐",
        "mainCity": [ "邮轮", "亲子", "情侣", "海岛游", "购物" ],
        "moreCity": [
            {
                "cityName": "主题推荐",
                "items": [
                    "http://ww1.sinaimg.cn/large/7853084cjw1f86txt0owej204g04gweg.jpg",
                    "http://ww2.sinaimg.cn/large/7853084cjw1f86txycahcj204g04gq2v.jpg",
                    "http://ww2.sinaimg.cn/large/7853084cjw1f86txycahcj204g04gq2v.jpg",
                    "http://ww1.sinaimg.cn/large/7853084cjw1f86tybhx5zj204g04gdfv.jpg",
                    "http://ww1.sinaimg.cn/large/7853084cjw1f86tyhut5pj204g04gq2w.jpg",
                    "http://ww2.sinaimg.cn/large/7853084cjw1f86tyoduc3j204g04g3yi.jpg",
                    "http://ww3.sinaimg.cn/large/7853084cjw1f86tyxm9w8j204g04gjrd.jpg",
                    "http://ww1.sinaimg.cn/large/7853084cjw1f86tz4g8qdj204g04gwef.jpg",
                    "http://ww3.sinaimg.cn/large/7853084cjw1f86tza3mvqj204g04gmx5.jpg"
                ]
            }
        ]
    }, {
        "title": "出行必备",
        "mainCity": [ "Wi-Fi", "电话卡", "接送机", "保险" ],
        "moreCity": [
            {
                "cityName": "Wi-Fi/电话卡",
                "items": [ "日本Wi-Fi", "韩国上网卡", "港澳台电话卡", "欧洲多国通用", "美国电话卡", "新加坡Wi-Fi", "泰国电话卡", "澳大利亚", "阿联酋" ]
            }, {
                "cityName": "接送机",
                "items": [ "台北", "高雄", "首尔", "东京", "大阪", "冲绳", "北海道", "新加坡", "普吉岛", "清迈", "沙巴", "巴厘岛", "纽约", "悉尼", "奥克兰", "土耳其", "更多接送机产品" ]
            }, {
                "cityName": "签证",
                "items": [ "泰国", "韩国", "日本", "美国", "入台证", "越南", "马来西亚", "新加坡", "斯里兰卡", "柬埔寨", "土耳其", "加拿大", "澳大利亚", "法国", "德国", "意大利", "希腊", "西班牙" ]
            }
        ],
        "moreCityImg": "http://ww1.sinaimg.cn/large/7853084cjw1f86txkko9yj20820460sw.jpg"
    }
]
